logo,Agent Name,Agent Business Phone,Agent Mobile Phone,Agent Email,website,Address
img/agents/advice365.png,Advise 365 Education and Migration ,(02) 7805 4942,,info@advise365.com.au,https://advise365.com.au/,
img/agents/aussie.png,Aussizz Group,(03) 9602 3435,,mel@aussizz.com,https://www.aussizzgroup.com/,
img/agents/bigleap.jpg,Big Leap Global,0466 021 160,,ivan.monte@bigleap.vip,www.bigleap.vip,Nil
img/agents/destino.png,DestinoElMundo,+57 (311) 456 1771,,yazmin.mesa@destinoelmundo.com.co,https://www.destinoelmundo.com.co/,Nil
img/agents/logo.webp,Education and Migration Services Australia (EMSA),(03) 9020 2613,,studymelbourne@emsaus.com,https://www.emsaus.com/,
img/agents/edutravel.jpg,Edutravel International | Edutravel Group,(03) 9069 6540,,info@edutravelgroup.com.au,https://www.edutravelinternational.com.au/,
img/agents/global-heighis.webp,Global Heights,1300 427 725,,info@globalheights.com.au,https://globalheights.com.au/,
img/agents/iaec.png,IAEC Education,(03) 9670 1140,,admissions@iaec.com.au ,https://www.iaec.com.au/,
img/agents/,Infinity Education Group Pty Ltd,0423 771 601,,info-col@infinityeducation.net,https://infinityeducation.net/,Nil
img/agents/nom.webp,Nomadas Experience Pty Ltd,0451 858 319,,admissions@nomadasexperience.com,https://www.nomadasexperience.com/,Nil
img/agents/opal.jpg,Opal Consulting Pty Ltd,0431 092 046,,info@opalconsulting.com.au,https://www.opalconsulting.com.au/,Nil
img/agents/svs.jpg,Skills Visa Service (SVS),(02) 9635 6448,,Info@skillvisa.com.au,http://skillvisa.com.au/,
img/agents/star.jpg,Star Smile Education,0410 866 691,,info@starsmileeducation.com,http://starsmileeducation.com/,
img/agents/,Unicorn Immigration and Visa Consulting,0432 018 445,,tejinder.gindra@gmail.com,https://unicornimmigration.com/,
img/agents/vicpack.webp,VICPAK Consultancy Services,0411 728 574,,info@vicpakconsultant.com,https://www.vicpakconsultant.com/,
img/agents/visapro.webp,Visa Pro Migration & Education Servies,0433 454 580,,dsb@visa-pro.com.au,www.visa-pro.com.au,Nil
img/agents/visaaid.jpg,Visaaid Immigration & Education Services,03 9070 3485,,info@visaaid.com.au,www.visaaid.com.au,Nil
img/agents/willworld.webp,Will World Education,0411 889 353,,admissions@willworldeducation.com,https://willworldeducation.com/,Nil
